id,text,valg1_label,valg1_goto,valg2_label,valg2_goto,valg3_label,valg3_goto,check_stat,check_dc,check_success,check_fail,image,front_screen_image,story_title,story_description,length,age
1,Før vi begynder den formelle hypnose proces, er det vigtigt at forstå noget simpelt men dybtgående: hypnose er ikke søvn. Det er ikke tankekontrol. Og det er ikke magi. Men det låser op for din sinds utrolige magi. Du ser, hypnose er bare en naturlig, fokuseret bevidsthedstilstand - et tidspunkt hvor det bevidste sind træder et skridt tilbage og underbevidstheden træder frem, klar til at lære, tilpasse sig og tage imod retning. Det ligner meget det øjeblik lige før søvn... når du ikke er helt vågen, men heller ikke helt drømmende. Det mellemliggende rum hvor idéer føles mere virkelige og fantasi former virkeligheden. Nu, Morten, frygten for at tale offentligt - den "frys" reaktion og det bankende hjerte - det betyder ikke at du er i stykker. Faktisk betyder det at din hjerne fungerer præcis som den var designet til - at beskytte dig. Den frys reaktion, det stigende hjerteslag... det er kamp-flugt-frys systemet der gør sit job. Men problemet er, at det er blevet udløst i den forkerte kontekst - ikke i fare, men i spotlyset. Hvad vi skal gøre sammen er at lære dit underbevidste sind at at blive set og hørt ikke er en trussel - det er en gave. Forestil dig at din krop er et kraftfuldt køretøj - og frygt er bare en vildledt GPS, der omdirigerer dig unødvendigt. Hypnose vil tillade os at reprogrammere den GPS, så i stedet for panik, føler du ro. I stedet for at fryse, føler du fokus. Og ligesom hvordan en flod kan skære en kløft over tid, vil de forslag og historier du hører i dag skære nye stier - selvsikre, afslappede, dygtige stier - i det sind du bærer ind i hver scene, hvert interview og hver mulighed fremover. Fordi forandring behøver ikke at være svært. Det skal bare være justeret. Når du er klar... lad os begynde.,Fortsæt,2,,,,,,,,,,,,
2,Det er rigtigt, Morten... Tag et øjeblik nu til at sætte dig til rette. Lad din krop finde den perfekte position - en hvor du er støttet, balanceret, komfortabel... og sikker. Mens dine øjne fokuserer blidt på et punkt over øjeniveau - måske på væggen, loftet, eller bare en lille detalje i dit miljø - begynd at lægge mærke til vægten af din krop... hvordan den sidder, hvordan den ånder... hvordan den begynder at skifte subtilt... nu. Og mens du fokuserer på det ene punkt... Du kan også begynde at blive opmærksom på blinkningen af dine øjne... Den automatiske rytme... Blinker en gang... Og igen... Og med hvert blink føler dine øjenlåg sig lidt tungere... Som varme fløjl gardiner... der langsomt trækker sig sammen... Og jeg undrer mig... hvordan det er når sindet begynder at drive... Lige sådan... Om et øjeblik vil jeg bede dig om at lukke øjnene. Men ikke endnu. Først... tag et dybt åndedrag ind... helt ind... Og hold... Nu... udånd og luk øjnene. Godt. Åbn dem igen. Perfekt. Og endnu en gang... tag et langsomt, dybt åndedrag... lad det fylde dit bryst... Og når du udånder... luk øjnene igen. Tungere denne gang. Langsommere. Mere villig til at slippe. Lad os gøre det endnu en gang... Åbn øjnene... tag et åndedrag ind... og udånd... øjne lukker blidt... Denne gang... forbliver lukket. Fordi hver gang dine øjne lukker, går du dybere. Hvert blink bliver et skridt... et fald indad. Du behøver ikke engang at prøve. At prøve er hvad det bevidste sind gør. Men dette - dette er et rum hvor der ikke er noget at prøve, kun at drive. Og ligesom tidevandet ikke "prøver" at nå kysten... Du behøver ikke at prøve at slappe af. Du gør det allerede. Fordi mens dine øjne forbliver lukket, Og mens din bevidsthed begynder at synke indad som en sten i en stille sø... Du kan begynde at lægge mærke til den velkendte følelse - Følelsen af at glide... flyde... Som om rummet mellem øjeblikke strækker sig længere... Og dybere... Og så... begynder vi.,Fortsæt,3,,,,,,,,,,,,
3,Og nu, mens dit sind fortsætter med at drive dybere indad, Forestil dig dette... Du står bag scenen... Rummet er stille, bortset fra den bløde summen af forventning... Bag forhænget kan du mærke tilstedeværelsen af en forsamling - Et publikum der venter, ser, uset... Og inde i din krop... Den velkendte følelse begynder at stige. Den spænding i dit bryst... Fladderen i din mave... Den subtile rysten i dine hænder eller åndedræt... Frys. Pause. Som om tiden holder vejret, venter på at du bevæger dig. Det stigende hjerteslag... Den pludselige tomhed... Alt sammen... så velkendt. Og alligevel, her er sandheden - Ingen af disse reaktioner var nogensinde rigtig om scenen. Det handlede om historien dit sind skabte om hvad det betød at blive set. Det handlede aldrig om ordene... Men hvad der ville ske hvis du sagde dem forkert. Det handlede aldrig om menneskene... Men hvad de måske tænkte om dig. Og den historie - den gamle, forældede fortælling - har spillet i baggrunden af dit sind som en ridset vinylplade... der springer over den samme slidte rille igen og igen. Men nu... Noget skifter. Fordi selv nu - stående bag scenen i dette øjeblik af fantasi - husker en stille del af dig: Du er ikke magtesløs her. Du er ikke en fange af denne reaktion. Du er forfatteren. Instruktøren. Stemmen bag stemmen. Og om et øjeblik vil du træde frem... ikke som den nervøse... ikke som den frosne... men som nogen anderledes. Nogen rolig. Fokuseret. Nærværende. Fordi dette handler ikke om at optræde. Det handler om at forbinde. Og du har forbundet dig med dig selv. Så lige nu, bare et øjeblik... føl den stille styrke begynde at røre sig inden i dig... Som gløderne af et bål der venter på at blive pustet tilbage til liv. Og mens vi går dybere nu... Vil den flamme vokse.,Fortsæt,4,,,,,,,,,,,,
4,Og nu, Morten... Forestil dig foran dig... en blødt oplyst gang... stille... fredelig... Ved enden af gangen, en døråbning... Og bag den dør... en trappe. Du kan se den nu - elegant, buet, velkendt på en eller anden måde... Tæppet i en dyb, rig rød... den slags rød der føles sikker og jordet. Dette er en privat indgang... ikke til mængden... ikke til støjen... Men til dig - Et sted hvor du går hen for at genforbinde dig med dig selv. Og når du når toppen af trappen, Lægger du din hånd blidt på det polerede gelænder, Føler dens kølige glathed - et stille signal om at det er tid til at gå ned... At gå dybere... trin for trin... niveau for niveau... Ind i det centrum af ro inden i. Om et øjeblik tæller jeg ned fra ti til et. Og med hvert tal, Tager du ét langsomt skridt ned... Og med hvert skridt... fordobler du din dybde af afslapning... Og tredobler din tillid til denne rejse... Her går vi nu... 10... Træder ned... allerede lidt dybere... 9... Et blødt udånd forlader dine lunger... ro vender tilbage... 8... Summen af dine tanker bremser... 7... Hver muskel slapper af, forlænger, slipper... 6... Føler sig sikker... støttet... stabil... 5... Halvvejs nu... en varm glød bygger sig i dit bryst... 4... Føler sig lettere... men mere jordet... 3... Som om dit sind flyder... og dit hjerte er stabilt... 2... En følelse af at vide stiger inden i dig... 1... Træder ind i stilhed... fred... nærvær... nu. Og når du når bunden, Finder du dig selv i et privat teater... tomt... stille... Ikke et optræden rum... men et helligdom... Hvor du er både publikum og taleren... Eleven og læreren... Den der var bange... og den der nu er fri. Her... i denne stilhed... i dette rum mellem hjerteslag... Begynder forandring. Du er åben. Du er klar.,Fortsæt,5,,,,,,,,,,,,
5,Og nu, Morten... Mens du sidder i det stille teater af dit sind... Hvert åndedrag du tager... omskriver den gamle historie... Den hvor frygt var i kontrol. Fordi den version af dig - den der frøs - prøvede bare at beskytte dig. Og nu har den del af dig lært... den behøver ikke at beskytte dig mod at tale. Den behøver at beskytte din ret til at tale. Og så gør den det. Fra nu af begynder noget indeni at skifte - Som drejningen af en knap... Som skiftet af et lys. Når du træder mod en scene... Når du går ind i et interview rum... Begynder dit hjerte at slå i rytme med dit formål - Ikke panik... men magt. Du fryser ikke. Du fokuserer. Du ryster ikke. Du stemmer ind. Fordi din krop lærer en ny sandhed nu - At energi ikke er angst... det er brændstof. Et bankende hjerte er bare din motor der starter. Og nu ved du hvordan du kører den. Og i dit sind nu... begynder du at installere et magtanker... En subtil gestus - måske at trykke din tommelfinger og pegefinger sammen... Eller at føle dine fødder jordet på gulvet... Eller følelsen af din hånd der hviler roligt på dit bryst... Hver gang du gør det... Føler du dig stabil. Rolig. Klar. Den gestus bliver dit signal til nervesystemet: Det er sikkert at tale. Det er tid til at skinne. Hver gang du ser farven rød - et lys, et skilt, et ord, en tråd - Låser din underbevidsthed denne nye selvtillid ind. Rød = Klar. Du smiler indeni, selv hvis bare lidt. Det sker automatisk, ubevidst og konsekvent. Og fra nu af finder din stemme dig... Selv når du pauserer. Især når du pauserer. Fordi dine ord bærer ikke længere byrden af perfektion... De bærer nærvær. Du behøver ikke at være perfekt for at være magtfuld. Du behøver ikke at være imponerende for at være vigtig. Din historie betyder noget - Og det gør også den version af dig der nu stiger fra inden i... En version af dig der føler sig rolig foran en forsamling. Fokuseret i interview stolen. Centreret når øjne vender sig mod dig. Fordi her er sandheden dit sind lærer nu: Spotlyset brænder ikke... det oplyser. Og i det lys... Husker du hvem du er. Husker du hvorfor du er der. Husker du at det er sikkert... at blive set. Sikkert... at blive hørt. Sikkert... at tale. Og den sandhed - som et frø plantet dybt i den frugtbare jord af din underbevidsthed - Begynder nu at vokse.,Fortsæt,6,,,,,,,,,,,,
6,Og nu, Morten... Tillad dit sind at flyde fremad i tiden... Forestil dig en dag i den nære fremtid... Du er lige ankommet til et jobinterview - et du virkelig bekymrer dig om. Læg mærke til hvor rolig din krop føles når du går gennem dørene. Føl stabiliteten i dit skridt... Klarheden i dine øjne... Måden dit åndedræt bevæger sig let gennem dit bryst. Du er tidlig, samlet, opmærksom. Du tager plads. Intervieweren kommer ind... Og når de hilser på dig, føler du det subtile klik - det magtanker der aktiveres. Måske er det et åndedræt. Måske er det dine fingre der trykker blidt sammen. Måske er det bare et skift i holdning... Men det låser den nye tilstand ind. Når spørgsmålene begynder, indser du noget... Du prøver ikke at imponere. Du forbinder. Du optræder ikke. Du udtrykker. Og du føler dine ord stige fra det stille kærne af selvtillid inden i dig - Ubesværet... flydende... lige til tiden. Nu flyder du fremad igen... Du træder op på en scene - Lyse lys, et stort publikum der venter. Og når du træder ind i spotlyset... Siger din krop, "Ja. Vi har gjort dette før." Dit åndedræt bremser. Dine øjne scanner rummet. Din stemme er stabil, jordet, magnetisk. Du taler... Og i stedet for frygt... føler du brændstof. I stedet for spænding... føler du tillid. Publikummet lytter... ikke fordi du er perfekt, Men fordi du er nærværende. Du pauserer når det er nødvendigt - Ikke af frygt... men af magt. Hvert ord lander. Hvert budskab resonerer. Nu se det igen - et andet fremtidigt øjeblik... Du bliver inviteret til at tale spontant - i et møde, på en panel, eller til en gruppe. Og i det øjeblik, hvor frygt plejede at stige... Føler du et smil indeni. Dit sind husker: Du er sikker på at blive set. Du er klar. Du bliver hørt. Frygten er blevet til fokus. Frysningen er smeltet til flow. Og fra dette øjeblik af... Bliver hver talemulighed endnu en øvelse for mestring. Fordi jo mere du taler... Jo stærkere vokser din selvtillid. Og hver gang du bruger dit anker - eller ser farven rød - Multiplicerer denne magt. At tale offentligt... At tale i interviews... Bliver dit arena, din kanal, dit valg. Og hver fremtidig version af dig smiler... Fordi du lavede dette skift i dag.,Fortsæt,7,,,,,,,,,,,,
7,Og nu, Morten... Om et øjeblik - ikke lige endnu - vil jeg begynde at tælle fra 0 til 5... Og mens jeg gør det, vil du begynde at vende tilbage til fuld vågen bevidsthed... Tager med alt hvad du har brug for, efterlader alt hvad du ikke har. Men før det... Tag ét sidste dybt åndedræt i dette indre rum. Lad det fylde dit bryst... Og når du udånder... føl din nye identitet solidificere. Fordi noget indeni har ændret sig. En døråbning åbnede. Og en del af dig - den stærke, jordede, autentiske taler - Har trådt frem... og taget ledelsen. Og nu... Lad det smil begynde at danne sig ved hjørnerne af din mund... Selv hvis kun på indersiden... Fordi det er tid til at vende tilbage med magt, med nærvær og med formål. Her går vi nu... 0... Energi begynder at vende tilbage til kroppen - Cirkulationen vågner op, som sollys der rører huden. 1... Føler sig lettere... Som at træde ud af et varmt bad ind i frisk luft... 2... Styrke vender tilbage til dine ben... Din ryg retter sig lidt... Dit sind skarpere, klarere, renere... 3... En frisk bjergstrøm af selvtillid flyder gennem dit sind... Vasker frygt, tvivl, tøven væk... 4... Smiler nu, måske indeni, måske udenfor... Fordi du ved noget nu... Du har gjort arbejdet - og det virker allerede. Og nu... 5... Øjne åbne - Helt vågen, fuldt opmærksom, energiseret, styrket og levende. Velkommen tilbage, Morten. Tag et åndedræt. Stræk dig hvis du vil. Læg mærke til skiftet. Denne forandring er permanent... Og hver gang du taler - Vokser den stærkere, dybere, mere naturlig.,Fortsæt,8,,,,,,,,,,,,
8,Det er rigtigt, Morten... Du er helt vågen nu, og alligevel... en del af dit sind lytter stadig. Absorberer stadig. Integrerer stadig. Fordi forandring fortsætter længe efter sessionen slutter. Hver celle i din krop reagerer nu anderledes når du taler offentligt. Fra dette øjeblik af, når som helst du ser farven rød - et skilt, en trøje, et logo, et lys - Huskere du øjeblikkeligt din indre styrke. Rød = Klar. Når som helst du laver en subtil gestus - et åndedræt, et finger tryk, et skift i holdning - Reaktiverer din underbevidsthed dit selvtillidsanker. Det signal siger: "Du har styr på det." Og det har du. Fra i dag fremad, fryser du ikke længere... Du flyder. Du spænder ikke længere... Du ånder. Hver situation der engang udløste frygt... Bliver nu endnu en mulighed for at øve mestring. Og selv hvis den gamle frygt nogensinde prøver at vende tilbage, Falder den hurtigere og hurtigere, Erstattet af ro, klarhed og forbindelse. Fordi den Morten der taler nu - Om det er i et jobinterview, eller på en scene foran hundreder - Er klar, samlet og overbevisende. Din stemme... din historie... dit nærvær... De er ikke længere ting at frygte... De er gaver at give. Så gå fremad nu - Stoler på dit sind, Stoler på dit budskab, Og stoler på at hver gang du taler, bliver det lettere, stærkere, bedre. Du har gjort det. Du gør det. Og du vil fortsætte med at trives.,,,,,,,,,,,,,

